NAME	GS<br> follow link to MSigDB	GS DETAILS	SIZE	ES	NES	NOM p-val	FDR q-val	FWER p-val	RANK AT MAX	LEADING EDGE	
MNP-B/NON-CLASSICAL_MONOCYTE_DERIVED	MNP-B/NON-CLASSICAL_MONOCYTE_DERIVED	Details ...	50	0.45863283	3.8406875	0.0	0.0	0.0	6192	tags=70%, list=24%, signal=92%	
NKT_CELL	NKT_CELL	Details ...	48	0.3766118	3.0461154	0.0	0.0	0.0	9562	tags=75%, list=37%, signal=120%	
CD4_T_CELL	CD4_T_CELL	Details ...	46	0.34344456	2.735067	0.0	0.0	0.0	9574	tags=72%, list=37%, signal=114%	
MNP-A/CLASSICAL_MONOCYTE_DERIVED	MNP-A/CLASSICAL_MONOCYTE_DERIVED	Details ...	49	0.31681764	2.5590658	0.0	6.2500004E-4	0.002	10175	tags=71%, list=40%, signal=118%	
NK_CELL	NK_CELL	Details ...	49	0.2934395	2.4251173	0.0	0.0018916972	0.008	8163	tags=61%, list=32%, signal=90%	
NEUTROPHIL	NEUTROPHIL	Details ...	48	0.29140702	2.3830438	0.0019120459	0.0015764142	0.008	11736	tags=75%, list=46%, signal=138%	
PODOCYTE	PODOCYTE	Details ...	49	0.25007877	2.0790272	0.004032258	0.009111063	0.052	9791	tags=63%, list=38%, signal=102%	
CD8_T_CELL	CD8_T_CELL	Details ...	45	0.2553936	2.0620272	0.003929273	0.008667123	0.056	11660	tags=71%, list=46%, signal=131%	
DISTINCT_PROXIMAL_TUBULE_1	DISTINCT_PROXIMAL_TUBULE_1	Details ...	50	0.2310712	1.9532799	0.010752688	0.015191042	0.108	10464	tags=64%, list=41%, signal=108%	
PLASMACYTOID_DENDRITIC_CELL	PLASMACYTOID_DENDRITIC_CELL	Details ...	48	0.22204341	1.7938312	0.014644352	0.035279945	0.256	10843	tags=65%, list=42%, signal=112%	
MNP-D/TISSUE_MACROPHAGE	MNP-D/TISSUE_MACROPHAGE	Details ...	50	0.18800533	1.575805	0.04526749	0.08953651	0.576	12074	tags=66%, list=47%, signal=125%	
GLOMERULAR_ENDOTHELIUM	GLOMERULAR_ENDOTHELIUM	Details ...	49	0.16155994	1.3665835	0.1122449	0.2034249	0.909	9441	tags=53%, list=37%, signal=84%	
ASCENDING_VASA_RECTA_ENDOTHELIUM	ASCENDING_VASA_RECTA_ENDOTHELIUM	Details ...	50	0.16664053	1.3557996	0.125	0.19685432	0.919	8529	tags=50%, list=33%, signal=75%	
MNP-C/DENDRITIC_CELL	MNP-C/DENDRITIC_CELL	Details ...	50	0.15908438	1.3241708	0.15660377	0.20577365	0.938	7188	tags=44%, list=28%, signal=61%	
PROXIMAL_TUBULE	PROXIMAL_TUBULE	Details ...	50	0.15938932	1.3231989	0.15037593	0.19283243	0.939	8714	tags=50%, list=34%, signal=76%	
B_CELL	B_CELL	Details ...	38	0.1818238	1.3158778	0.15655577	0.18658407	0.943	11503	tags=63%, list=45%, signal=115%	
DISTINCT_PROXIMAL_TUBULE_2	DISTINCT_PROXIMAL_TUBULE_2	Details ...	50	0.118842155	0.98142785	0.48073024	0.54177266	1.0	10771	tags=54%, list=42%, signal=93%	
PERITUBULAR_CAPILLARY_ENDOTHELIUM_1	PERITUBULAR_CAPILLARY_ENDOTHELIUM_1	Details ...	50	0.10692352	0.89590937	0.591195	0.63953245	1.0	6985	tags=38%, list=27%, signal=52%	
TRANSITIONAL_EPITHELIUM_OF_URETER	TRANSITIONAL_EPITHELIUM_OF_URETER	Details ...	50	0.09110414	0.7617477	0.74563104	0.8120008	1.0	2276	tags=18%, list=9%, signal=20%	
PELVIC_EPITHELIUM	PELVIC_EPITHELIUM	Details ...	49	0.082866065	0.673551	0.87890625	0.8771867	1.0	2580	tags=18%, list=10%, signal=20%	
