NAME	GS<br> follow link to MSigDB	GS DETAILS	SIZE	ES	NES	NOM p-val	FDR q-val	FWER p-val	RANK AT MAX	LEADING EDGE	
MYOFIBROBLAST	MYOFIBROBLAST	Details ...	49	-0.41694996	-3.4849663	0.0	0.0	0.0	9709	tags=80%, list=38%, signal=128%	
PERITUBULAR_CAPILLARY_ENDOTHELIUM_2	PERITUBULAR_CAPILLARY_ENDOTHELIUM_2	Details ...	50	-0.32531652	-2.7624056	0.0	0.0	0.0	7039	tags=60%, list=28%, signal=83%	
LOOP_OF_HENLE	LOOP_OF_HENLE	Details ...	48	-0.31646338	-2.6099036	0.0	0.0	0.0	9501	tags=69%, list=37%, signal=109%	
CONNECTING_TUBULE	CONNECTING_TUBULE	Details ...	48	-0.28404126	-2.3130414	0.0	0.002503141	0.013	8198	tags=60%, list=32%, signal=89%	
EPITHELIAL_PROGENITOR_CELL	EPITHELIAL_PROGENITOR_CELL	Details ...	50	-0.23235449	-1.9409842	0.0018656716	0.020987967	0.121	9922	tags=62%, list=39%, signal=101%	
THICK_ASCENDING_LIMB_OF_LOOP_OF_HENLE	THICK_ASCENDING_LIMB_OF_LOOP_OF_HENLE	Details ...	49	-0.21891305	-1.8409932	0.017821781	0.028746257	0.191	7458	tags=51%, list=29%, signal=72%	
FIBROBLAST	FIBROBLAST	Details ...	50	-0.18211265	-1.5042806	0.065126054	0.132128	0.663	7625	tags=48%, list=30%, signal=68%	
DESCENDING_VASA_RECTA_ENDOTHELIUM	DESCENDING_VASA_RECTA_ENDOTHELIUM	Details ...	50	-0.17673422	-1.4616337	0.07254902	0.14108337	0.732	9296	tags=54%, list=36%, signal=85%	
TYPE_B_INTERCALATED_CELL	TYPE_B_INTERCALATED_CELL	Details ...	49	-0.16601212	-1.393643	0.11293635	0.17098452	0.84	1504	tags=22%, list=6%, signal=24%	
INTERCALATED_CELL	INTERCALATED_CELL	Details ...	49	-0.1438986	-1.1836218	0.2631579	0.3451101	0.987	10937	tags=57%, list=43%, signal=100%	
INTERCALATED_CELL_(INDISTINCT)	INTERCALATED_CELL_(INDISTINCT)	Details ...	49	-0.1331442	-1.1199447	0.30390143	0.38658616	0.995	10168	tags=53%, list=40%, signal=88%	
PRINCIPAL_CELL	PRINCIPAL_CELL	Details ...	49	-0.13378012	-1.1104951	0.33406115	0.36523342	0.995	8065	tags=45%, list=32%, signal=65%	
MAST_CELL	MAST_CELL	Details ...	50	-0.12478815	-1.0409783	0.4019608	0.41818884	0.998	8065	tags=44%, list=32%, signal=64%	
TYPE_A_INTERCALATED_CELL	TYPE_A_INTERCALATED_CELL	Details ...	48	-0.12173967	-1.0062395	0.40501043	0.42887795	1.0	2753	tags=23%, list=11%, signal=26%	
