NAME	ORIGINAL SIZE	AFTER RESTRICTING TO DATASET	STATUS	
PODOCYTE	50	49		
PROXIMAL_TUBULE	50	50		
LOOP_OF_HENLE	50	48		
CONNECTING_TUBULE	50	48		
INTERCALATED_CELL	50	49		
PRINCIPAL_CELL	50	49		
PELVIC_EPITHELIUM	50	45		
TRANSITIONAL_EPITHELIUM_OF_URETER	50	46		
TYPE_A_INTERCALATED_CELL	50	48		
PERITUBULAR_CAPILLARY_ENDOTHELIUM_2	50	50		
TYPE_B_INTERCALATED_CELL	50	49		
DESCENDING_VASA_RECTA_ENDOTHELIUM	50	50		
FIBROBLAST	50	50		
GLOMERULAR_ENDOTHELIUM	50	49		
THICK_ASCENDING_LIMB_OF_LOOP_OF_HENLE	50	49		
MYOFIBROBLAST	50	49		
INTERCALATED_CELL_(INDISTINCT)	50	49		
PERITUBULAR_CAPILLARY_ENDOTHELIUM_1	50	50		
DISTINCT_PROXIMAL_TUBULE_2	50	50		
EPITHELIAL_PROGENITOR_CELL	50	50		
ASCENDING_VASA_RECTA_ENDOTHELIUM	50	50		
DISTINCT_PROXIMAL_TUBULE_1	50	50		
B_CELL	50	38		
CD4_T_CELL	50	46		
CD8_T_CELL	50	44		
MAST_CELL	50	45		
MNP-A/CLASSICAL_MONOCYTE_DERIVED	50	49		
MNP-B/NON-CLASSICAL_MONOCYTE_DERIVED	50	50		
MNP-C/DENDRITIC_CELL	50	50		
MNP-D/TISSUE_MACROPHAGE	50	50		
NEUTROPHIL	50	47		
NK_CELL	50	48		
NKT_CELL	50	47		
PLASMACYTOID_DENDRITIC_CELL	50	44		
