NAME	GS<br> follow link to MSigDB	GS DETAILS	SIZE	ES	NES	NOM p-val	FDR q-val	FWER p-val	RANK AT MAX	LEADING EDGE	
LOOP_OF_HENLE	LOOP_OF_HENLE	Details ...	48	-0.59160566	-4.815871	0.0	0.0	0.0	6319	tags=90%, list=31%, signal=129%	
THICK_ASCENDING_LIMB_OF_LOOP_OF_HENLE	THICK_ASCENDING_LIMB_OF_LOOP_OF_HENLE	Details ...	49	-0.5665692	-4.5954013	0.0	0.0	0.0	6458	tags=88%, list=31%, signal=127%	
PROXIMAL_TUBULE	PROXIMAL_TUBULE	Details ...	50	-0.3358941	-2.8074043	0.0	0.0	0.0	3824	tags=52%, list=18%, signal=64%	
MYOFIBROBLAST	MYOFIBROBLAST	Details ...	49	-0.33965915	-2.7711146	0.0	0.0	0.0	6075	tags=63%, list=29%, signal=89%	
DISTINCT_PROXIMAL_TUBULE_2	DISTINCT_PROXIMAL_TUBULE_2	Details ...	50	-0.33187163	-2.727212	0.0	0.0	0.0	3080	tags=48%, list=15%, signal=56%	
FIBROBLAST	FIBROBLAST	Details ...	50	-0.2857913	-2.3885407	0.0	9.097007E-4	0.005	11473	tags=84%, list=55%, signal=188%	
MNP-A/CLASSICAL_MONOCYTE_DERIVED	MNP-A/CLASSICAL_MONOCYTE_DERIVED	Details ...	49	-0.23839805	-1.9876539	0.002016129	0.015373558	0.086	5632	tags=51%, list=27%, signal=70%	
NEUTROPHIL	NEUTROPHIL	Details ...	47	-0.22659929	-1.8326272	0.014256619	0.033047497	0.195	5444	tags=49%, list=26%, signal=66%	
MNP-B/NON-CLASSICAL_MONOCYTE_DERIVED	MNP-B/NON-CLASSICAL_MONOCYTE_DERIVED	Details ...	50	-0.2044841	-1.7230048	0.03142329	0.05402744	0.328	10669	tags=72%, list=52%, signal=148%	
DISTINCT_PROXIMAL_TUBULE_1	DISTINCT_PROXIMAL_TUBULE_1	Details ...	50	-0.19851437	-1.6504217	0.039325844	0.066228434	0.425	2936	tags=34%, list=14%, signal=40%	
TRANSITIONAL_EPITHELIUM_OF_URETER	TRANSITIONAL_EPITHELIUM_OF_URETER	Details ...	46	-0.18864605	-1.4886947	0.077651516	0.134263	0.719	3750	tags=37%, list=18%, signal=45%	
EPITHELIAL_PROGENITOR_CELL	EPITHELIAL_PROGENITOR_CELL	Details ...	50	-0.17658651	-1.445594	0.07	0.15065268	0.798	8350	tags=58%, list=40%, signal=97%	
B_CELL	B_CELL	Details ...	38	-0.17488855	-1.3084848	0.19166666	0.24475099	0.942	17066	tags=100%, list=83%, signal=572%	
CD8_T_CELL	CD8_T_CELL	Details ...	44	-0.15653726	-1.2294633	0.20675944	0.30031905	0.976	12747	tags=77%, list=62%, signal=201%	
CD4_T_CELL	CD4_T_CELL	Details ...	46	-0.15027481	-1.2059242	0.22340426	0.30267492	0.98	8137	tags=54%, list=39%, signal=89%	
NKT_CELL	NKT_CELL	Details ...	47	-0.13665418	-1.1081876	0.34050882	0.39400828	1.0	15217	tags=87%, list=74%, signal=330%	
NK_CELL	NK_CELL	Details ...	48	-0.13173908	-1.0747397	0.33730158	0.412625	1.0	10205	tags=63%, list=49%, signal=123%	
PLASMACYTOID_DENDRITIC_CELL	PLASMACYTOID_DENDRITIC_CELL	Details ...	44	-0.11928569	-0.9237061	0.55419225	0.59781104	1.0	8347	tags=52%, list=40%, signal=87%	
MAST_CELL	MAST_CELL	Details ...	45	-0.1085839	-0.85918415	0.63727456	0.6630442	1.0	9706	tags=58%, list=47%, signal=109%	
ASCENDING_VASA_RECTA_ENDOTHELIUM	ASCENDING_VASA_RECTA_ENDOTHELIUM	Details ...	50	-0.075812645	-0.6259672	0.921371	0.92381257	1.0	17871	tags=94%, list=86%, signal=692%	
