NAME	GS<br> follow link to MSigDB	GS DETAILS	SIZE	ES	NES	NOM p-val	FDR q-val	FWER p-val	RANK AT MAX	LEADING EDGE	
TYPE_B_INTERCALATED_CELL	TYPE_B_INTERCALATED_CELL	Details ...	49	0.45154235	3.7755866	0.0	0.0	0.0	5875	tags=73%, list=28%, signal=102%	
PRINCIPAL_CELL	PRINCIPAL_CELL	Details ...	49	0.3979745	3.325288	0.0	0.0	0.0	6136	tags=69%, list=30%, signal=98%	
INTERCALATED_CELL	INTERCALATED_CELL	Details ...	49	0.38219616	3.086105	0.0	0.0	0.0	3508	tags=55%, list=17%, signal=66%	
TYPE_A_INTERCALATED_CELL	TYPE_A_INTERCALATED_CELL	Details ...	48	0.3271599	2.7448313	0.0	1.9444444E-4	0.001	3588	tags=50%, list=17%, signal=60%	
CONNECTING_TUBULE	CONNECTING_TUBULE	Details ...	48	0.25089693	2.0787065	0.008080808	0.008515714	0.052	5161	tags=50%, list=25%, signal=66%	
PELVIC_EPITHELIUM	PELVIC_EPITHELIUM	Details ...	45	0.20831516	1.6558895	0.035433073	0.08093086	0.449	2593	tags=33%, list=13%, signal=38%	
PODOCYTE	PODOCYTE	Details ...	49	0.18912552	1.5533429	0.050916497	0.11159558	0.611	7912	tags=57%, list=38%, signal=92%	
INTERCALATED_CELL_(INDISTINCT)	INTERCALATED_CELL_(INDISTINCT)	Details ...	49	0.18605416	1.5320064	0.06639839	0.10715753	0.638	4600	tags=41%, list=22%, signal=52%	
DESCENDING_VASA_RECTA_ENDOTHELIUM	DESCENDING_VASA_RECTA_ENDOTHELIUM	Details ...	50	0.1756245	1.4513429	0.09823183	0.13341321	0.767	5060	tags=42%, list=24%, signal=55%	
MNP-D/TISSUE_MACROPHAGE	MNP-D/TISSUE_MACROPHAGE	Details ...	50	0.17038788	1.4121	0.09881423	0.140866	0.821	5168	tags=42%, list=25%, signal=56%	
GLOMERULAR_ENDOTHELIUM	GLOMERULAR_ENDOTHELIUM	Details ...	49	0.1582763	1.3293033	0.14723927	0.17922923	0.908	4751	tags=39%, list=23%, signal=50%	
PERITUBULAR_CAPILLARY_ENDOTHELIUM_2	PERITUBULAR_CAPILLARY_ENDOTHELIUM_2	Details ...	50	0.13604149	1.1370631	0.2851153	0.34026006	0.996	2982	tags=28%, list=14%, signal=33%	
PERITUBULAR_CAPILLARY_ENDOTHELIUM_1	PERITUBULAR_CAPILLARY_ENDOTHELIUM_1	Details ...	50	0.10917375	0.9060407	0.58188826	0.60763234	1.0	16354	tags=90%, list=79%, signal=430%	
MNP-C/DENDRITIC_CELL	MNP-C/DENDRITIC_CELL	Details ...	50	0.081225745	0.6734185	0.8787879	0.87939215	1.0	4526	tags=30%, list=22%, signal=38%	
