NAME	GS<br> follow link to MSigDB	GS DETAILS	SIZE	ES	NES	NOM p-val	FDR q-val	FWER p-val	RANK AT MAX	LEADING EDGE	
LOOP_OF_HENLE	LOOP_OF_HENLE	Details ...	48	0.36469057	2.909467	0.0	0.0	0.0	3670	tags=54%, list=18%, signal=66%	
EPITHELIAL_PROGENITOR_CELL	EPITHELIAL_PROGENITOR_CELL	Details ...	50	0.26971155	2.306325	0.0	0.004746939	0.024	10134	tags=76%, list=49%, signal=149%	
DISTINCT_PROXIMAL_TUBULE_1	DISTINCT_PROXIMAL_TUBULE_1	Details ...	50	0.26039818	2.1100879	0.0019880715	0.0074540926	0.052	6197	tags=56%, list=30%, signal=80%	
THICK_ASCENDING_LIMB_OF_LOOP_OF_HENLE	THICK_ASCENDING_LIMB_OF_LOOP_OF_HENLE	Details ...	49	0.23990665	2.0028684	0.0116959065	0.010000918	0.092	7276	tags=59%, list=35%, signal=91%	
PROXIMAL_TUBULE	PROXIMAL_TUBULE	Details ...	50	0.12427892	1.0317893	0.42462844	0.5548742	1.0	9826	tags=60%, list=48%, signal=114%	
DISTINCT_PROXIMAL_TUBULE_2	DISTINCT_PROXIMAL_TUBULE_2	Details ...	50	0.1134544	0.94474465	0.50695825	0.5914288	1.0	6333	tags=42%, list=31%, signal=60%	
CONNECTING_TUBULE	CONNECTING_TUBULE	Details ...	48	0.113193534	0.92121416	0.5324948	0.539136	1.0	14871	tags=83%, list=72%, signal=297%	
