NAME	GS<br> follow link to MSigDB	GS DETAILS	SIZE	ES	NES	NOM p-val	FDR q-val	FWER p-val	RANK AT MAX	LEADING EDGE	
MNP-D/TISSUE_MACROPHAGE	MNP-D/TISSUE_MACROPHAGE	Details ...	50	-0.503401	-4.3505173	0.0	0.0	0.0	3259	tags=66%, list=16%, signal=78%	
MNP-B/NON-CLASSICAL_MONOCYTE_DERIVED	MNP-B/NON-CLASSICAL_MONOCYTE_DERIVED	Details ...	50	-0.50121003	-4.186265	0.0	0.0	0.0	3717	tags=68%, list=18%, signal=83%	
MYOFIBROBLAST	MYOFIBROBLAST	Details ...	49	-0.49974483	-4.1020107	0.0	0.0	0.0	6561	tags=82%, list=32%, signal=119%	
NKT_CELL	NKT_CELL	Details ...	47	-0.46498302	-3.842324	0.0	0.0	0.0	4040	tags=66%, list=20%, signal=82%	
CD8_T_CELL	CD8_T_CELL	Details ...	44	-0.4488129	-3.4956284	0.0	0.0	0.0	2485	tags=57%, list=12%, signal=64%	
NK_CELL	NK_CELL	Details ...	48	-0.41886368	-3.4417713	0.0	0.0	0.0	6427	tags=73%, list=31%, signal=106%	
CD4_T_CELL	CD4_T_CELL	Details ...	46	-0.40596804	-3.239048	0.0	0.0	0.0	3756	tags=59%, list=18%, signal=72%	
MNP-C/DENDRITIC_CELL	MNP-C/DENDRITIC_CELL	Details ...	50	-0.39606488	-3.2356832	0.0	0.0	0.0	7121	tags=74%, list=34%, signal=113%	
MNP-A/CLASSICAL_MONOCYTE_DERIVED	MNP-A/CLASSICAL_MONOCYTE_DERIVED	Details ...	49	-0.38218907	-3.1530871	0.0	0.0	0.0	4769	tags=61%, list=23%, signal=79%	
B_CELL	B_CELL	Details ...	38	-0.4286743	-3.1504755	0.0	0.0	0.0	2033	tags=53%, list=10%, signal=58%	
FIBROBLAST	FIBROBLAST	Details ...	50	-0.37337476	-3.1032476	0.0	0.0	0.0	5111	tags=62%, list=25%, signal=82%	
PODOCYTE	PODOCYTE	Details ...	49	-0.31688094	-2.620168	0.0	2.4342106E-4	0.002	11591	tags=88%, list=56%, signal=200%	
MAST_CELL	MAST_CELL	Details ...	45	-0.31073672	-2.4429185	0.0	0.0010450366	0.008	3234	tags=47%, list=16%, signal=55%	
PLASMACYTOID_DENDRITIC_CELL	PLASMACYTOID_DENDRITIC_CELL	Details ...	44	-0.300331	-2.3076947	0.004201681	0.0023035998	0.019	3667	tags=48%, list=18%, signal=58%	
INTERCALATED_CELL	INTERCALATED_CELL	Details ...	49	-0.23801596	-1.9556043	0.0061728396	0.013673508	0.121	11530	tags=80%, list=56%, signal=180%	
PERITUBULAR_CAPILLARY_ENDOTHELIUM_2	PERITUBULAR_CAPILLARY_ENDOTHELIUM_2	Details ...	50	-0.22255608	-1.8250759	0.01039501	0.023959916	0.216	1198	tags=28%, list=6%, signal=30%	
TYPE_A_INTERCALATED_CELL	TYPE_A_INTERCALATED_CELL	Details ...	48	-0.21821387	-1.7779075	0.016194332	0.029261155	0.273	7549	tags=58%, list=37%, signal=92%	
DESCENDING_VASA_RECTA_ENDOTHELIUM	DESCENDING_VASA_RECTA_ENDOTHELIUM	Details ...	50	-0.20270175	-1.7011375	0.02414487	0.04095525	0.377	11516	tags=76%, list=56%, signal=171%	
GLOMERULAR_ENDOTHELIUM	GLOMERULAR_ENDOTHELIUM	Details ...	49	-0.18280244	-1.5396911	0.06095238	0.08136977	0.638	4241	tags=39%, list=21%, signal=49%	
PRINCIPAL_CELL	PRINCIPAL_CELL	Details ...	49	-0.17990398	-1.5212818	0.06706114	0.08413398	0.663	4722	tags=41%, list=23%, signal=53%	
INTERCALATED_CELL_(INDISTINCT)	INTERCALATED_CELL_(INDISTINCT)	Details ...	49	-0.1764932	-1.4764433	0.08888889	0.09742545	0.723	8584	tags=59%, list=42%, signal=101%	
TYPE_B_INTERCALATED_CELL	TYPE_B_INTERCALATED_CELL	Details ...	49	-0.1604253	-1.3309945	0.14639175	0.17061503	0.912	7651	tags=53%, list=37%, signal=84%	
PERITUBULAR_CAPILLARY_ENDOTHELIUM_1	PERITUBULAR_CAPILLARY_ENDOTHELIUM_1	Details ...	50	-0.14604641	-1.2375723	0.18235295	0.23356067	0.973	11857	tags=72%, list=57%, signal=169%	
PELVIC_EPITHELIUM	PELVIC_EPITHELIUM	Details ...	45	-0.14183317	-1.1201947	0.32617188	0.33625308	0.995	7172	tags=49%, list=35%, signal=75%	
NEUTROPHIL	NEUTROPHIL	Details ...	47	-0.13535333	-1.1144819	0.28483605	0.32832345	0.996	727	tags=17%, list=4%, signal=18%	
ASCENDING_VASA_RECTA_ENDOTHELIUM	ASCENDING_VASA_RECTA_ENDOTHELIUM	Details ...	50	-0.12857725	-1.0606328	0.36494845	0.3791179	0.999	11391	tags=68%, list=55%, signal=151%	
TRANSITIONAL_EPITHELIUM_OF_URETER	TRANSITIONAL_EPITHELIUM_OF_URETER	Details ...	46	-0.11076632	-0.87229335	0.605317	0.6083038	1.0	8939	tags=54%, list=43%, signal=96%	
