NAME	GS<br> follow link to MSigDB	GS DETAILS	SIZE	ES	NES	NOM p-val	FDR q-val	FWER p-val	RANK AT MAX	LEADING EDGE	
MYOFIBROBLAST	MYOFIBROBLAST	Details ...	49	-0.5952328	-4.8298006	0.0	0.0	0.0	4372	tags=80%, list=20%, signal=100%	
FIBROBLAST	FIBROBLAST	Details ...	50	-0.38053745	-3.1594858	0.0	0.0	0.0	3470	tags=54%, list=16%, signal=64%	
MNP-D/TISSUE_MACROPHAGE	MNP-D/TISSUE_MACROPHAGE	Details ...	50	-0.36741257	-3.13928	0.0	0.0	0.0	8513	tags=76%, list=39%, signal=125%	
PERITUBULAR_CAPILLARY_ENDOTHELIUM_2	PERITUBULAR_CAPILLARY_ENDOTHELIUM_2	Details ...	50	-0.35071582	-3.021394	0.0	0.0	0.0	3681	tags=52%, list=17%, signal=63%	
NKT_CELL	NKT_CELL	Details ...	47	-0.34965053	-2.8352354	0.0	0.0	0.0	5802	tags=62%, list=27%, signal=84%	
MNP-C/DENDRITIC_CELL	MNP-C/DENDRITIC_CELL	Details ...	50	-0.3348483	-2.808767	0.0	1.8253968E-4	0.001	6187	tags=62%, list=29%, signal=87%	
CD8_T_CELL	CD8_T_CELL	Details ...	44	-0.3431533	-2.686447	0.0	3.1292517E-4	0.002	5868	tags=61%, list=27%, signal=84%	
NK_CELL	NK_CELL	Details ...	49	-0.3143506	-2.6061778	0.0019417476	2.738095E-4	0.002	8669	tags=71%, list=40%, signal=119%	
B_CELL	B_CELL	Details ...	38	-0.3359665	-2.42975	0.0	6.6124543E-4	0.005	5840	tags=61%, list=27%, signal=83%	
DESCENDING_VASA_RECTA_ENDOTHELIUM	DESCENDING_VASA_RECTA_ENDOTHELIUM	Details ...	50	-0.2538569	-2.1435618	0.005976096	0.0043004006	0.031	5339	tags=50%, list=25%, signal=66%	
PRINCIPAL_CELL	PRINCIPAL_CELL	Details ...	49	-0.2540848	-2.1114814	0.003937008	0.004744408	0.038	4230	tags=45%, list=20%, signal=56%	
MAST_CELL	MAST_CELL	Details ...	49	-0.24590677	-2.0900476	0.0	0.004821362	0.042	3965	tags=43%, list=18%, signal=52%	
PODOCYTE	PODOCYTE	Details ...	49	-0.2517874	-2.0683937	0.0041237115	0.005465918	0.05	2955	tags=39%, list=14%, signal=45%	
MNP-B/NON-CLASSICAL_MONOCYTE_DERIVED	MNP-B/NON-CLASSICAL_MONOCYTE_DERIVED	Details ...	50	-0.22813068	-1.9528204	0.013645224	0.011438205	0.109	6327	tags=52%, list=29%, signal=73%	
CD4_T_CELL	CD4_T_CELL	Details ...	46	-0.21367866	-1.7075322	0.031558186	0.04184689	0.373	9968	tags=67%, list=46%, signal=125%	
MNP-A/CLASSICAL_MONOCYTE_DERIVED	MNP-A/CLASSICAL_MONOCYTE_DERIVED	Details ...	49	-0.19784747	-1.6370301	0.03469388	0.055992734	0.49	6327	tags=49%, list=29%, signal=69%	
PLASMACYTOID_DENDRITIC_CELL	PLASMACYTOID_DENDRITIC_CELL	Details ...	46	-0.18996891	-1.5372897	0.070393376	0.080248766	0.652	2014	tags=28%, list=9%, signal=31%	
TYPE_B_INTERCALATED_CELL	TYPE_B_INTERCALATED_CELL	Details ...	49	-0.16168928	-1.349753	0.13690476	0.16911165	0.915	14172	tags=82%, list=66%, signal=236%	
GLOMERULAR_ENDOTHELIUM	GLOMERULAR_ENDOTHELIUM	Details ...	49	-0.15407759	-1.2654622	0.19019608	0.22481428	0.97	9921	tags=61%, list=46%, signal=113%	
PERITUBULAR_CAPILLARY_ENDOTHELIUM_1	PERITUBULAR_CAPILLARY_ENDOTHELIUM_1	Details ...	50	-0.14920549	-1.2557069	0.18955512	0.22037409	0.975	8896	tags=56%, list=41%, signal=95%	
PELVIC_EPITHELIUM	PELVIC_EPITHELIUM	Details ...	47	-0.1363918	-1.1021413	0.3578732	0.35118747	0.997	4882	tags=36%, list=23%, signal=47%	
TYPE_A_INTERCALATED_CELL	TYPE_A_INTERCALATED_CELL	Details ...	48	-0.12809408	-1.0340729	0.36308315	0.41372207	0.998	15265	tags=83%, list=71%, signal=282%	
CONNECTING_TUBULE	CONNECTING_TUBULE	Details ...	48	-0.10476502	-0.878232	0.59574467	0.601121	1.0	1796	tags=19%, list=8%, signal=20%	
