NAME	GS<br> follow link to MSigDB	GS DETAILS	SIZE	ES	NES	NOM p-val	FDR q-val	FWER p-val	RANK AT MAX	LEADING EDGE	
DISTINCT_PROXIMAL_TUBULE_1	DISTINCT_PROXIMAL_TUBULE_1	Details ...	50	0.28869584	2.4209535	0.0	0.0018333333	0.003	4585	tags=50%, list=21%, signal=63%	
NEUTROPHIL	NEUTROPHIL	Details ...	48	0.26831156	2.16815	0.0	0.0074714404	0.024	4123	tags=46%, list=19%, signal=56%	
LOOP_OF_HENLE	LOOP_OF_HENLE	Details ...	48	0.24031247	1.9610491	0.008032128	0.021751525	0.096	13742	tags=88%, list=64%, signal=239%	
THICK_ASCENDING_LIMB_OF_LOOP_OF_HENLE	THICK_ASCENDING_LIMB_OF_LOOP_OF_HENLE	Details ...	49	0.16819383	1.3714362	0.11890838	0.33546892	0.898	12705	tags=76%, list=59%, signal=183%	
INTERCALATED_CELL_(INDISTINCT)	INTERCALATED_CELL_(INDISTINCT)	Details ...	49	0.14751528	1.2382953	0.18343195	0.43917194	0.975	7853	tags=51%, list=36%, signal=80%	
PROXIMAL_TUBULE	PROXIMAL_TUBULE	Details ...	50	0.14350241	1.2366636	0.22222222	0.3694594	0.976	3392	tags=30%, list=16%, signal=35%	
EPITHELIAL_PROGENITOR_CELL	EPITHELIAL_PROGENITOR_CELL	Details ...	50	0.14478108	1.2139492	0.20867768	0.34502098	0.983	2499	tags=26%, list=12%, signal=29%	
ASCENDING_VASA_RECTA_ENDOTHELIUM	ASCENDING_VASA_RECTA_ENDOTHELIUM	Details ...	50	0.10641647	0.8952915	0.58717436	0.79562616	1.0	6356	tags=40%, list=29%, signal=57%	
DISTINCT_PROXIMAL_TUBULE_2	DISTINCT_PROXIMAL_TUBULE_2	Details ...	50	0.10340977	0.8744178	0.61538464	0.74399716	1.0	3392	tags=26%, list=16%, signal=31%	
TRANSITIONAL_EPITHELIUM_OF_URETER	TRANSITIONAL_EPITHELIUM_OF_URETER	Details ...	48	0.106874704	0.86070156	0.632	0.6899613	1.0	847	tags=15%, list=4%, signal=15%	
INTERCALATED_CELL	INTERCALATED_CELL	Details ...	49	0.09761142	0.8191829	0.6913319	0.6874329	1.0	12904	tags=69%, list=60%, signal=172%	
