NAME	GS<br> follow link to MSigDB	GS DETAILS	SIZE	ES	NES	NOM p-val	FDR q-val	FWER p-val	RANK AT MAX	LEADING EDGE	
MNP-D/TISSUE_MACROPHAGE	MNP-D/TISSUE_MACROPHAGE	Details ...	50	-0.39456362	-3.2401695	0.0	0.0	0.0	7982	tags=74%, list=35%, signal=113%	
THICK_ASCENDING_LIMB_OF_LOOP_OF_HENLE	THICK_ASCENDING_LIMB_OF_LOOP_OF_HENLE	Details ...	49	-0.28592375	-2.3059566	0.0	0.0041612634	0.008	5184	tags=51%, list=22%, signal=66%	
LOOP_OF_HENLE	LOOP_OF_HENLE	Details ...	48	-0.23311973	-1.9080693	0.0064655175	0.049877163	0.139	9524	tags=65%, list=41%, signal=110%	
PELVIC_EPITHELIUM	PELVIC_EPITHELIUM	Details ...	48	-0.23171026	-1.9057533	0.0078125	0.037643984	0.14	11477	tags=73%, list=50%, signal=145%	
TRANSITIONAL_EPITHELIUM_OF_URETER	TRANSITIONAL_EPITHELIUM_OF_URETER	Details ...	50	-0.22505368	-1.8622674	0.015686275	0.03975983	0.184	5888	tags=48%, list=26%, signal=64%	
MNP-B/NON-CLASSICAL_MONOCYTE_DERIVED	MNP-B/NON-CLASSICAL_MONOCYTE_DERIVED	Details ...	50	-0.22086272	-1.8523513	0.016494846	0.03499709	0.194	16586	tags=94%, list=72%, signal=335%	
MYOFIBROBLAST	MYOFIBROBLAST	Details ...	49	-0.19876887	-1.676167	0.028629856	0.07571634	0.425	5307	tags=43%, list=23%, signal=56%	
MNP-C/DENDRITIC_CELL	MNP-C/DENDRITIC_CELL	Details ...	50	-0.18614514	-1.5687456	0.0627451	0.111131445	0.6	12775	tags=74%, list=55%, signal=166%	
MNP-A/CLASSICAL_MONOCYTE_DERIVED	MNP-A/CLASSICAL_MONOCYTE_DERIVED	Details ...	49	-0.1843914	-1.5351405	0.05928854	0.11428985	0.659	6108	tags=45%, list=27%, signal=61%	
PERITUBULAR_CAPILLARY_ENDOTHELIUM_2	PERITUBULAR_CAPILLARY_ENDOTHELIUM_2	Details ...	50	-0.14885941	-1.2549328	0.19551934	0.32075956	0.958	9484	tags=56%, list=41%, signal=95%	
NK_CELL	NK_CELL	Details ...	49	-0.13521676	-1.0928664	0.32190475	0.5114572	0.998	10061	tags=57%, list=44%, signal=101%	
NKT_CELL	NKT_CELL	Details ...	48	-0.1221457	-0.9888851	0.44512194	0.63558096	1.0	11116	tags=60%, list=48%, signal=116%	
PLASMACYTOID_DENDRITIC_CELL	PLASMACYTOID_DENDRITIC_CELL	Details ...	48	-0.10724378	-0.86915374	0.61988306	0.802783	1.0	9058	tags=50%, list=39%, signal=82%	
FIBROBLAST	FIBROBLAST	Details ...	50	-0.09093881	-0.75047886	0.766	0.94950515	1.0	10816	tags=56%, list=47%, signal=105%	
PROXIMAL_TUBULE	PROXIMAL_TUBULE	Details ...	50	-0.081030555	-0.6644082	0.8830898	1.0	1.0	2286	tags=18%, list=10%, signal=20%	
NEUTROPHIL	NEUTROPHIL	Details ...	48	-0.07921629	-0.63934493	0.9109462	0.96831965	1.0	4421	tags=27%, list=19%, signal=33%	
ASCENDING_VASA_RECTA_ENDOTHELIUM	ASCENDING_VASA_RECTA_ENDOTHELIUM	Details ...	50	-0.072185054	-0.60431546	0.9307536	0.9398639	1.0	5716	tags=32%, list=25%, signal=42%	
