NAME	GS<br> follow link to MSigDB	GS DETAILS	SIZE	ES	NES	NOM p-val	FDR q-val	FWER p-val	RANK AT MAX	LEADING EDGE	
GLOMERULAR_ENDOTHELIUM	GLOMERULAR_ENDOTHELIUM	Details ...	49	0.431104	3.513292	0.0	0.0	0.0	8428	tags=80%, list=37%, signal=125%	
INTERCALATED_CELL	INTERCALATED_CELL	Details ...	49	0.42615682	3.481574	0.0	0.0	0.0	4779	tags=63%, list=21%, signal=80%	
TYPE_A_INTERCALATED_CELL	TYPE_A_INTERCALATED_CELL	Details ...	48	0.37429348	3.080807	0.0	0.0	0.0	5795	tags=63%, list=25%, signal=83%	
PRINCIPAL_CELL	PRINCIPAL_CELL	Details ...	49	0.31842518	2.634318	0.0	0.0	0.0	9138	tags=71%, list=40%, signal=118%	
CONNECTING_TUBULE	CONNECTING_TUBULE	Details ...	48	0.29888076	2.4465551	0.0	0.0011847806	0.006	9450	tags=71%, list=41%, signal=120%	
INTERCALATED_CELL_(INDISTINCT)	INTERCALATED_CELL_(INDISTINCT)	Details ...	49	0.2836023	2.3325899	0.001996008	0.002892792	0.018	3354	tags=43%, list=15%, signal=50%	
TYPE_B_INTERCALATED_CELL	TYPE_B_INTERCALATED_CELL	Details ...	49	0.23519346	1.9092413	0.01778656	0.024664653	0.158	5408	tags=47%, list=23%, signal=61%	
DESCENDING_VASA_RECTA_ENDOTHELIUM	DESCENDING_VASA_RECTA_ENDOTHELIUM	Details ...	50	0.17481671	1.4792528	0.09248555	0.16495597	0.728	9346	tags=58%, list=41%, signal=97%	
PERITUBULAR_CAPILLARY_ENDOTHELIUM_1	PERITUBULAR_CAPILLARY_ENDOTHELIUM_1	Details ...	50	0.17759968	1.4742818	0.08143939	0.14948794	0.737	9282	tags=58%, list=40%, signal=97%	
B_CELL	B_CELL	Details ...	38	0.1988135	1.4383082	0.1048218	0.15829976	0.8	6948	tags=50%, list=30%, signal=71%	
PODOCYTE	PODOCYTE	Details ...	49	0.1737631	1.4185656	0.09572301	0.15536594	0.829	3058	tags=31%, list=13%, signal=35%	
CD4_T_CELL	CD4_T_CELL	Details ...	46	0.17388658	1.3934988	0.09504132	0.15849471	0.861	9026	tags=57%, list=39%, signal=93%	
DISTINCT_PROXIMAL_TUBULE_1	DISTINCT_PROXIMAL_TUBULE_1	Details ...	50	0.13055964	1.0682422	0.37860084	0.4650089	0.999	16356	tags=84%, list=71%, signal=289%	
CD8_T_CELL	CD8_T_CELL	Details ...	45	0.12276712	0.9618667	0.4604743	0.5861082	1.0	9979	tags=56%, list=43%, signal=98%	
EPITHELIAL_PROGENITOR_CELL	EPITHELIAL_PROGENITOR_CELL	Details ...	50	0.106380835	0.8784961	0.5812133	0.6784267	1.0	9537	tags=52%, list=41%, signal=89%	
DISTINCT_PROXIMAL_TUBULE_2	DISTINCT_PROXIMAL_TUBULE_2	Details ...	50	0.10198635	0.86097836	0.64344263	0.6637298	1.0	10099	tags=54%, list=44%, signal=96%	
MAST_CELL	MAST_CELL	Details ...	50	0.072903425	0.60655135	0.91549295	0.936104	1.0	9385	tags=48%, list=41%, signal=81%	
