NAME	GS<br> follow link to MSigDB	GS DETAILS	SIZE	ES	NES	NOM p-val	FDR q-val	FWER p-val	RANK AT MAX	LEADING EDGE	
FIBROBLAST	FIBROBLAST	Details ...	50	0.3398511	2.7583077	0.0	0.0	0.0	9744	tags=80%, list=46%, signal=148%	
NKT_CELL	NKT_CELL	Details ...	47	0.32652524	2.6824656	0.0	0.0	0.0	10204	tags=81%, list=48%, signal=156%	
CD8_T_CELL	CD8_T_CELL	Details ...	44	0.334188	2.6719406	0.0	0.0	0.0	6402	tags=64%, list=30%, signal=91%	
MYOFIBROBLAST	MYOFIBROBLAST	Details ...	49	0.28589812	2.3570542	0.002096436	0.0026931358	0.012	9501	tags=73%, list=45%, signal=133%	
PERITUBULAR_CAPILLARY_ENDOTHELIUM_2	PERITUBULAR_CAPILLARY_ENDOTHELIUM_2	Details ...	50	0.2721132	2.2149506	0.002020202	0.0037379265	0.02	5676	tags=54%, list=27%, signal=74%	
B_CELL	B_CELL	Details ...	38	0.2937921	2.1201012	0.0	0.0065172943	0.041	8264	tags=68%, list=39%, signal=112%	
NK_CELL	NK_CELL	Details ...	49	0.23211236	1.875514	0.00996016	0.025716657	0.173	10204	tags=71%, list=48%, signal=138%	
DESCENDING_VASA_RECTA_ENDOTHELIUM	DESCENDING_VASA_RECTA_ENDOTHELIUM	Details ...	50	0.20798065	1.7639351	0.01980198	0.039235003	0.286	10834	tags=72%, list=51%, signal=147%	
GLOMERULAR_ENDOTHELIUM	GLOMERULAR_ENDOTHELIUM	Details ...	49	0.2037865	1.7049451	0.030828517	0.04684966	0.361	10370	tags=69%, list=49%, signal=136%	
ASCENDING_VASA_RECTA_ENDOTHELIUM	ASCENDING_VASA_RECTA_ENDOTHELIUM	Details ...	50	0.19057985	1.5634093	0.064794816	0.08396126	0.598	11201	tags=72%, list=53%, signal=153%	
MAST_CELL	MAST_CELL	Details ...	48	0.17520924	1.429696	0.0872093	0.13908543	0.814	16123	tags=94%, list=76%, signal=394%	
MNP-C/DENDRITIC_CELL	MNP-C/DENDRITIC_CELL	Details ...	50	0.16907589	1.3945925	0.10721248	0.14797236	0.853	12923	tags=78%, list=61%, signal=200%	
MNP-B/NON-CLASSICAL_MONOCYTE_DERIVED	MNP-B/NON-CLASSICAL_MONOCYTE_DERIVED	Details ...	50	0.14942865	1.2567806	0.18069816	0.23212813	0.966	9532	tags=60%, list=45%, signal=109%	
PERITUBULAR_CAPILLARY_ENDOTHELIUM_1	PERITUBULAR_CAPILLARY_ENDOTHELIUM_1	Details ...	50	0.14518797	1.2104638	0.21643287	0.25506464	0.984	13004	tags=76%, list=62%, signal=197%	
PLASMACYTOID_DENDRITIC_CELL	PLASMACYTOID_DENDRITIC_CELL	Details ...	45	0.13411075	1.0639193	0.3732535	0.38633138	1.0	13143	tags=76%, list=62%, signal=199%	
MNP-A/CLASSICAL_MONOCYTE_DERIVED	MNP-A/CLASSICAL_MONOCYTE_DERIVED	Details ...	49	0.123456225	0.99553	0.43259558	0.4440883	1.0	2141	tags=22%, list=10%, signal=25%	
