NAME	GS<br> follow link to MSigDB	GS DETAILS	SIZE	ES	NES	NOM p-val	FDR q-val	FWER p-val	RANK AT MAX	LEADING EDGE	
DISTINCT_PROXIMAL_TUBULE_2	DISTINCT_PROXIMAL_TUBULE_2	Details ...	50	-0.6201868	-5.201058	0.0	0.0	0.0	7216	tags=96%, list=34%, signal=145%	
PROXIMAL_TUBULE	PROXIMAL_TUBULE	Details ...	50	-0.6201868	-5.121279	0.0	0.0	0.0	7216	tags=96%, list=34%, signal=145%	
THICK_ASCENDING_LIMB_OF_LOOP_OF_HENLE	THICK_ASCENDING_LIMB_OF_LOOP_OF_HENLE	Details ...	49	-0.37844023	-3.1025918	0.0	0.0	0.0	8414	tags=78%, list=40%, signal=129%	
TYPE_B_INTERCALATED_CELL	TYPE_B_INTERCALATED_CELL	Details ...	49	-0.32590845	-2.6805646	0.0	6.214286E-4	0.002	9522	tags=78%, list=45%, signal=141%	
INTERCALATED_CELL_(INDISTINCT)	INTERCALATED_CELL_(INDISTINCT)	Details ...	49	-0.32669318	-2.6421525	0.0	4.9714284E-4	0.002	9074	tags=76%, list=43%, signal=132%	
TYPE_A_INTERCALATED_CELL	TYPE_A_INTERCALATED_CELL	Details ...	48	-0.31916097	-2.6203718	0.0	5.9075636E-4	0.003	10446	tags=81%, list=49%, signal=160%	
PODOCYTE	PODOCYTE	Details ...	49	-0.29365423	-2.399066	0.0	0.0014408996	0.009	12791	tags=90%, list=61%, signal=227%	
LOOP_OF_HENLE	LOOP_OF_HENLE	Details ...	48	-0.27017254	-2.217523	0.0	0.002814512	0.02	10158	tags=75%, list=48%, signal=144%	
INTERCALATED_CELL	INTERCALATED_CELL	Details ...	49	-0.2640773	-2.1837442	0.0038834952	0.0031330686	0.026	7806	tags=63%, list=37%, signal=100%	
TRANSITIONAL_EPITHELIUM_OF_URETER	TRANSITIONAL_EPITHELIUM_OF_URETER	Details ...	46	-0.24183354	-1.9314915	0.006134969	0.014571405	0.133	13283	tags=87%, list=63%, signal=233%	
EPITHELIAL_PROGENITOR_CELL	EPITHELIAL_PROGENITOR_CELL	Details ...	50	-0.1861173	-1.5532756	0.045833334	0.092965454	0.614	4532	tags=40%, list=21%, signal=51%	
PELVIC_EPITHELIUM	PELVIC_EPITHELIUM	Details ...	45	-0.18923965	-1.456068	0.08506224	0.12987813	0.76	11982	tags=76%, list=57%, signal=174%	
CONNECTING_TUBULE	CONNECTING_TUBULE	Details ...	48	-0.16907857	-1.416295	0.11666667	0.14041112	0.819	7886	tags=54%, list=37%, signal=86%	
NEUTROPHIL	NEUTROPHIL	Details ...	47	-0.14873342	-1.197003	0.23425196	0.30294988	0.993	17105	tags=96%, list=81%, signal=500%	
DISTINCT_PROXIMAL_TUBULE_1	DISTINCT_PROXIMAL_TUBULE_1	Details ...	50	-0.14104594	-1.1821384	0.25531915	0.2978846	0.994	13939	tags=80%, list=66%, signal=234%	
CD4_T_CELL	CD4_T_CELL	Details ...	46	-0.13791853	-1.1237446	0.3125	0.34074345	0.998	4445	tags=35%, list=21%, signal=44%	
PRINCIPAL_CELL	PRINCIPAL_CELL	Details ...	49	-0.13641791	-1.1088405	0.31960785	0.33587274	0.998	7047	tags=47%, list=33%, signal=70%	
MNP-D/TISSUE_MACROPHAGE	MNP-D/TISSUE_MACROPHAGE	Details ...	50	-0.124344036	-1.0257831	0.394958	0.40757665	1.0	17251	tags=94%, list=82%, signal=510%	
