NAME	GS<br> follow link to MSigDB	GS DETAILS	SIZE	ES	NES	NOM p-val	FDR q-val	FWER p-val	RANK AT MAX	LEADING EDGE	
TYPE_A_INTERCALATED_CELL	TYPE_A_INTERCALATED_CELL	Details ...	48	-0.2019242	-1.6076988	0.058708414	0.691553	0.503	12038	tags=77%, list=57%, signal=179%	
PODOCYTE	PODOCYTE	Details ...	49	-0.19547018	-1.5830908	0.053639848	0.38809586	0.534	13999	tags=86%, list=66%, signal=253%	
THICK_ASCENDING_LIMB_OF_LOOP_OF_HENLE	THICK_ASCENDING_LIMB_OF_LOOP_OF_HENLE	Details ...	49	-0.17308332	-1.4360204	0.09016393	0.5123066	0.784	7568	tags=53%, list=36%, signal=82%	
FIBROBLAST	FIBROBLAST	Details ...	50	-0.16759376	-1.3947301	0.0990099	0.46174634	0.839	15916	tags=92%, list=75%, signal=371%	
DESCENDING_VASA_RECTA_ENDOTHELIUM	DESCENDING_VASA_RECTA_ENDOTHELIUM	Details ...	50	-0.16301551	-1.3668289	0.11377245	0.4190565	0.877	12630	tags=76%, list=60%, signal=188%	
PROXIMAL_TUBULE	PROXIMAL_TUBULE	Details ...	50	-0.16121759	-1.3528222	0.121703856	0.37157246	0.902	10131	tags=64%, list=48%, signal=123%	
NK_CELL	NK_CELL	Details ...	49	-0.15612361	-1.2949944	0.16049382	0.39807007	0.944	13966	tags=82%, list=66%, signal=240%	
INTERCALATED_CELL_(INDISTINCT)	INTERCALATED_CELL_(INDISTINCT)	Details ...	49	-0.15166211	-1.2565322	0.19521913	0.4063423	0.967	14923	tags=86%, list=71%, signal=291%	
LOOP_OF_HENLE	LOOP_OF_HENLE	Details ...	48	-0.14023903	-1.1423305	0.28629857	0.54057646	0.993	7173	tags=48%, list=34%, signal=72%	
PERITUBULAR_CAPILLARY_ENDOTHELIUM_2	PERITUBULAR_CAPILLARY_ENDOTHELIUM_2	Details ...	50	-0.12997583	-1.0840633	0.36234817	0.5819847	0.997	8253	tags=52%, list=39%, signal=85%	
INTERCALATED_CELL	INTERCALATED_CELL	Details ...	49	-0.13335165	-1.0673033	0.3653846	0.55711454	0.997	17035	tags=94%, list=81%, signal=482%	
ASCENDING_VASA_RECTA_ENDOTHELIUM	ASCENDING_VASA_RECTA_ENDOTHELIUM	Details ...	50	-0.12579395	-1.0428598	0.39122137	0.5499395	0.997	4113	tags=32%, list=19%, signal=40%	
EPITHELIAL_PROGENITOR_CELL	EPITHELIAL_PROGENITOR_CELL	Details ...	50	-0.12238112	-1.0244075	0.41947564	0.5361389	0.998	8836	tags=54%, list=42%, signal=93%	
TYPE_B_INTERCALATED_CELL	TYPE_B_INTERCALATED_CELL	Details ...	49	-0.12181329	-1.0062367	0.42716536	0.524246	0.999	3472	tags=29%, list=16%, signal=34%	
DISTINCT_PROXIMAL_TUBULE_2	DISTINCT_PROXIMAL_TUBULE_2	Details ...	50	-0.11637855	-0.9637681	0.47326732	0.5493638	1.0	17419	tags=94%, list=82%, signal=533%	
PELVIC_EPITHELIUM	PELVIC_EPITHELIUM	Details ...	45	-0.11714067	-0.9473505	0.5090909	0.5373675	1.0	6456	tags=42%, list=31%, signal=61%	
PRINCIPAL_CELL	PRINCIPAL_CELL	Details ...	49	-0.05772186	-0.47703964	1.0	0.9928641	1.0	11727	tags=61%, list=55%, signal=137%	
