NAME	GS<br> follow link to MSigDB	GS DETAILS	SIZE	ES	NES	NOM p-val	FDR q-val	FWER p-val	RANK AT MAX	LEADING EDGE	
NEUTROPHIL	NEUTROPHIL	Details ...	47	0.3045577	2.5062313	0.0	0.0055244085	0.006	11567	tags=85%, list=55%, signal=188%	
PLASMACYTOID_DENDRITIC_CELL	PLASMACYTOID_DENDRITIC_CELL	Details ...	45	0.2464638	1.9929726	0.005882353	0.047261115	0.091	7954	tags=62%, list=38%, signal=100%	
B_CELL	B_CELL	Details ...	38	0.23737209	1.7488381	0.033962265	0.13994938	0.341	11680	tags=79%, list=55%, signal=176%	
MNP-B/NON-CLASSICAL_MONOCYTE_DERIVED	MNP-B/NON-CLASSICAL_MONOCYTE_DERIVED	Details ...	50	0.20839977	1.7179275	0.031055901	0.11539216	0.372	15899	tags=96%, list=75%, signal=386%	
CD8_T_CELL	CD8_T_CELL	Details ...	44	0.20700707	1.5863981	0.06339468	0.17043841	0.581	11968	tags=77%, list=57%, signal=178%	
MNP-D/TISSUE_MACROPHAGE	MNP-D/TISSUE_MACROPHAGE	Details ...	50	0.17048977	1.4054979	0.09418838	0.3028237	0.844	13316	tags=80%, list=63%, signal=216%	
MNP-A/CLASSICAL_MONOCYTE_DERIVED	MNP-A/CLASSICAL_MONOCYTE_DERIVED	Details ...	49	0.16639057	1.3803532	0.116935484	0.28681502	0.871	13316	tags=80%, list=63%, signal=215%	
MAST_CELL	MAST_CELL	Details ...	48	0.14601709	1.2027097	0.22981367	0.4853922	0.981	14977	tags=85%, list=71%, signal=292%	
TRANSITIONAL_EPITHELIUM_OF_URETER	TRANSITIONAL_EPITHELIUM_OF_URETER	Details ...	46	0.15019323	1.1977737	0.24015749	0.4391788	0.981	6482	tags=46%, list=31%, signal=66%	
DISTINCT_PROXIMAL_TUBULE_1	DISTINCT_PROXIMAL_TUBULE_1	Details ...	50	0.140678	1.1639962	0.25656566	0.4452962	0.986	6334	tags=44%, list=30%, signal=63%	
NKT_CELL	NKT_CELL	Details ...	47	0.13681011	1.1195284	0.2990291	0.4715662	0.997	11507	tags=68%, list=54%, signal=149%	
GLOMERULAR_ENDOTHELIUM	GLOMERULAR_ENDOTHELIUM	Details ...	49	0.13331197	1.1080852	0.34307992	0.44760975	0.997	11425	tags=67%, list=54%, signal=146%	
MNP-C/DENDRITIC_CELL	MNP-C/DENDRITIC_CELL	Details ...	50	0.12298609	1.0182179	0.39344263	0.5444527	1.0	16432	tags=90%, list=78%, signal=403%	
CD4_T_CELL	CD4_T_CELL	Details ...	46	0.1214444	0.9517926	0.51167315	0.60805345	1.0	2033	tags=22%, list=10%, signal=24%	
MYOFIBROBLAST	MYOFIBROBLAST	Details ...	49	0.102719076	0.8497531	0.63564354	0.72679645	1.0	18542	tags=98%, list=88%, signal=795%	
CONNECTING_TUBULE	CONNECTING_TUBULE	Details ...	48	0.09763903	0.79431444	0.709369	0.7624457	1.0	1463	tags=17%, list=7%, signal=18%	
PERITUBULAR_CAPILLARY_ENDOTHELIUM_1	PERITUBULAR_CAPILLARY_ENDOTHELIUM_1	Details ...	50	0.08268833	0.6929721	0.8423077	0.8507824	1.0	14745	tags=78%, list=70%, signal=257%	
